{
    "name": "异界",
    "icon": "allthemodium:other_vibranium_ore",
    "category": "allthemodium:dimensions",
    "sortnum": 3,
    "pages": [
        {
            "type": "text",
            "text": "异界是极度危险的维度。通过下界的$(l:dimensions/teleport_pad)传送基座$(/c)可抵达此处。关于此地所知甚少，似乎是猪灵族的起源地，地表有树荫的群系中存在着庞大的地下城，还有充满怪物与战利品的地牢和远古金字塔。"
        }
    ]
}