{
    "name": "传送基座",
    "icon": "allthemodium:teleport_pad",
    "category": "allthemodium:dimensions",
    "sortnum": 1,
    "pages": [
        {
            "type": "crafting",
            "recipe": "allthemodium:teleport_pad"
        },
        {
            "type": "text",
            "text": "传送基座用于前往$(l:dimensions/miningdim)采矿维度$(/c)和$(l:dimensions/otherdim)异界$(/c)，需同时用主副手空手shift右键使用。$(br2)注意:在ATM6:To The Sky整合包中$(l:dimensions/miningdim)采矿维度$(/c)已被禁用"
        }
    ]
}