{
    "name": "方块读取器",
    "icon": "advancedperipherals:block_reader",
    "category": "advancedperipherals:peripherals",
    "pages": [
        {
            "type": "text",
            "text": "该方块能读取前方方块及方块实体的数据。$(p)完整文档请查阅$(9)$(l:https://docs.advanced-peripherals.de/peripherals/block_reader/)官方Wiki页面$(/l)$()！"
        },
        {
            "type": "crafting",
            "recipe": "advancedperipherals:block_reader"
        },
        {
            "type": "multiblock",
            "multiblock": {
                "mapping": {
                    "0": "computercraft:computer_advanced",
                    "P": "advancedperipherals:block_reader",
                    "T": "minecraft:dirt"
                },
                "pattern": [
                    [
                        "0PT"
                    ]
                ]
            },
            "text": "将方块读取器连接至计算机并指向目标方块即可使用！"
        }
    ]
}