{
    "name": "聊天盒",
    "icon": "advancedperipherals:chat_box",
    "category": "advancedperipherals:peripherals",
    "pages": [
        {
            "type": "text",
            "text": "聊天盒外设允许你通过收发消息与游戏聊天系统交互。$(p)若消息以`$`开头，甚至可以发送仅聊天盒可见的隐藏消息。$(p)完整文档请查阅$(9)$(l:https://docs.advanced-peripherals.de/peripherals/chat_box/)官方Wiki页面$(/l)$()！"
        },
        {
            "type": "crafting",
            "recipe": "advancedperipherals:chat_box"
        },
        {
            "type": "multiblock",
            "multiblock": {
                "mapping": {
                    "0": "computercraft:computer_advanced",
                    "P": "advancedperipherals:chat_box"
                },
                "pattern": [
                    [
                        "0P"
                    ]
                ]
            },
            "text": "将聊天盒连接至计算机即可使用！"
        }
    ]
}