{
    "name": "殖民地整合器",
    "icon": "advancedperipherals:colony_integrator",
    "category": "advancedperipherals:peripherals",
    "pages": [
        {
            "type": "text",
            "text": "该设备可与MineColonies模组的殖民地交互。$(p)完整文档请查阅$(9)$(l:https://docs.advanced-peripherals.de/peripherals/colony_integrator/)官方Wiki页面$(/l)$()！"
        },
        {
            "type": "crafting",
            "recipe": "advancedperipherals:colony_integrator"
        },
        {
            "type": "multiblock",
            "multiblock": {
                "mapping": {
                    "0": "computercraft:computer_advanced",
                    "P": "advancedperipherals:colony_integrator"
                },
                "pattern": [
                    [
                        "0P"
                    ]
                ]
            },
            "text": "在村庄范围内将殖民地整合器连接至计算机即可使用！"
        }
    ]
}