{
    "name": "能量探测器",
    "icon": "advancedperipherals:energy_detector",
    "category": "advancedperipherals:peripherals",
    "pages": [
        {
            "type": "text",
            "text": "该设备能检测能量流动并作为电阻器使用。可设定最大流量值作为限流电阻。$(p)完整文档请查阅$(9)$(l:https://docs.advanced-peripherals.de/peripherals/energy_detector/)官方Wiki页面$(/l)$()！"
        },
        {
            "type": "crafting",
            "recipe": "advancedperipherals:energy_detector"
        },
        {
            "type": "multiblock",
            "multiblock": {
                "mapping": {
                    "0": "computercraft:computer_advanced",
                    "P": "advancedperipherals:energy_detector"
                },
                "pattern": [
                    [
                        "0P"
                    ]
                ]
            },
            "text": "将能量探测器连接至计算机即可使用！"
        }
    ]
}