{
    "name": "环境探测器",
    "icon": "advancedperipherals:environment_detector",
    "category": "advancedperipherals:peripherals",
    "pages": [
        {
            "type": "text",
            "text": "该设备能获取当前时间、月相、方块光照等级等环境信息。$(p)完整文档请查阅$(9)$(l:https://docs.advanced-peripherals.de/peripherals/environment_detector/)官方Wiki页面$(/l)$()！"
        },
        {
            "type": "crafting",
            "recipe": "advancedperipherals:environment_detector"
        },
        {
            "type": "multiblock",
            "multiblock": {
                "mapping": {
                    "0": "computercraft:computer_advanced",
                    "P": "advancedperipherals:environment_detector"
                },
                "pattern": [
                    [
                        "0P"
                    ]
                ]
            },
            "text": "将环境探测器连接至计算机即可使用！"
        }
    ]
}