{
    "name": "地质扫描仪",
    "icon": "advancedperipherals:geo_scanner",
    "category": "advancedperipherals:peripherals",
    "pages": [
        {
            "type": "text",
            "text": "该设备提供扫描仪所在区块及周边方块信息。注意每次扫描存在冷却时间。$(p)完整文档请查阅$(9)$(l:https://docs.advanced-peripherals.de/peripherals/geo_scanner/)官方Wiki页面$(/l)$()！"
        },
        {
            "type": "crafting",
            "recipe": "advancedperipherals:geo_scanner"
        },
        {
            "type": "multiblock",
            "multiblock": {
                "mapping": {
                    "0": "computercraft:computer_advanced",
                    "P": "advancedperipherals:geo_scanner"
                },
                "pattern": [
                    [
                        "0P"
                    ]
                ]
            },
            "text": "将地质扫描仪连接至计算机即可使用！"
        }
    ]
}