{
    "name": "库存管理器",
    "icon": "advancedperipherals:inventory_manager",
    "category": "advancedperipherals:peripherals",
    "pages": [
        {
            "type": "text",
            "text": "物品管理器可与玩家背包交互。您需要右键点击记忆卡并将其放入管理器以使用。$(p)完整文档请参阅$(9)$(l:https://docs.advanced-peripherals.de/peripherals/inventory_manager/)官方Wiki页面$(/l)$()！"
        },
        {
            "type": "crafting",
            "recipe": "advancedperipherals:inventory_manager"
        },
        {
            "type": "multiblock",
            "multiblock": {
                "mapping": {
                    "0": "computercraft:computer_advanced",
                    "P": "advancedperipherals:inventory_manager"
                },
                "pattern": [
                    [
                        "0P"
                    ]
                ]
            },
            "text": "将物品管理器连接至计算机方可使用！"
        }
    ]
}