{
    "name": "ME桥接器",
    "icon": "advancedperipherals:me_bridge",
    "category": "advancedperipherals:peripherals",
    "pages": [
        {
            "type": "text",
            "text": "ME桥接器可与应用能源2模组交互，支持获取物品、合成物品、列出所有物品等功能。该设备占用1个频道。$(p)完整文档请参阅$(9)$(l:https://docs.advanced-peripherals.de/peripherals/me_bridge/)官方Wiki页面$(/l)$()！"
        },
        {
            "type": "crafting",
            "recipe": "advancedperipherals:me_bridge"
        },
        {
            "type": "multiblock",
            "multiblock": {
                "mapping": {
                    "0": "computercraft:computer_advanced",
                    "P": "advancedperipherals:me_bridge"
                },
                "pattern": [
                    [
                        "0P"
                    ]
                ]
            },
            "text": "将ME桥接器连接至计算机方可使用！"
        }
    ]
}