{
    "name": "NBT存储器",
    "icon": "advancedperipherals:nbt_storage",
    "category": "advancedperipherals:peripherals",
    "pages": [
        {
            "type": "text",
            "text": "NBT存储器是支持自定义数据输入/输出的功能方块，主要用于ID兼容支持。$(p)完整文档请参阅$(9)$(l:https://docs.advanced-peripherals.de/peripherals/nbt_storage/)官方Wiki页面$(/l)$()！"
        },
        {
            "type": "crafting",
            "recipe": "advancedperipherals:nbt_storage"
        },
        {
            "type": "multiblock",
            "multiblock": {
                "mapping": {
                    "0": "computercraft:computer_advanced",
                    "P": "advancedperipherals:nbt_storage"
                },
                "pattern": [
                    [
                        "0P"
                    ]
                ]
            },
            "text": "将NBT存储器连接至计算机方可使用！"
        }
    ]
}