{
    "name": "玩家检测器",
    "icon": "advancedperipherals:player_detector",
    "category": "advancedperipherals:peripherals",
    "pages": [
        {
            "type": "text",
            "text": "玩家检测器可识别特定范围内的玩家，并能检测点击该方块的玩家。$(p)完整文档请参阅$(9)$(l:https://docs.advanced-peripherals.de/peripherals/player_detector/)官方Wiki页面$(/l)$()！"
        },
        {
            "type": "crafting",
            "recipe": "advancedperipherals:player_detector"
        },
        {
            "type": "multiblock",
            "multiblock": {
                "mapping": {
                    "0": "computercraft:computer_advanced",
                    "P": "advancedperipherals:player_detector"
                },
                "pattern": [
                    [
                        "0P"
                    ]
                ]
            },
            "text": "将玩家检测器连接至计算机方可使用！"
        }
    ]
}