{
    "name": "极限反应堆",
    "icon": "bigreactors:basic_reactorcasing",
    "category": "bigreactors:intro",
    "pages": [
        {
            "type": "patchouli:text",
            "text": "欢迎使用Minecraft的$(bold)极限反应堆$()模组，本模组通过先进的反应堆与涡轮系统，让您驾驭核能的磅礴力量。这套复杂的能源生成机制，可打造满足个性化需求的高效大容量供能方案。"
        },
        {
            "type": "patchouli:text",
            "text": "$(bold)概述$()$(br)在$(bold)极限反应堆$()中，您将能建造管理反应堆与涡轮机，通过多样化组件配置优化产能。模组模拟能源力学与流体动力学，构建精密复杂的能源管理环境。"
        },
        {
            "type": "patchouli:text",
            "text": "$(bold)核心组件$()$(li)$(o)$(bold)反应堆:$() 能源系统的核心，可选主动/被动冷却式，运作特性与产能各异。需掌握燃料类型选择、控制棒插入深度与废料管理以维持最佳性能。$(li)$(o)$(bold)涡轮机:$() 通过精密转子组件将蒸汽转化为能源。从基础到强化型多种设计，在高效管理流体输入输出的同时满足高能耗需求。"
        },
        {
            "type": "patchouli:text",
            "text": "$(bold)自动化与控制$()$(br)自动化是提升能源系统效率的关键。利用红石信号控制反应堆运行与涡轮机功能，实现与其他Minecraft机械的无缝衔接。本模组提供流体、能源及废料管理的多种接口，助您打造全自动化系统。"
        },
        {
            "type": "patchouli:text",
            "text": "$(bold)建造与配置$()$(br)建造反应堆和涡轮机需要特定组件:外壳方块、转子轴、感应线圈及各类接口。本手册将逐步指导组装流程，详解如何配置每个元件以达到最佳性能。"
        },
        {
            "type": "patchouli:text",
            "text": "$(bold)入门指南$()$(br)开启$(bold)极限反应堆$()之旅时，您将探索能源生产与管理的精妙平衡。无论您是模组老手还是Minecraft新人，本手册都将提供掌控核能艺术所需的知识与工具。"
        }
    ]
}