{
    "name": "初代反应堆",
    "icon": "bigreactors:basic_reactorcasing",
    "category": "bigreactors:intro",
    "pages": [
        {
            "type": "patchouli:text",
            "text": "反应堆是多方块结构机械，核心功能是巨量产能。$(br2)多方块结构由多个相邻放置的方块组成。$(br2)制作并驱动反应堆需要黄铀锭，快去开采黄铀矿石熔炼吧！"
        },
        {
            "type": "bigreactors:zcmultiblock",
            "multiblock_id": "bigreactors:bookfirstbasicreactor"
        },
        {
            "type": "patchouli:text",
            "text": "建造初代反应堆需合成以下基础组件:$(br2)$(li)22x 外壳$(li)1x 控制器$(li)1x 控制棒$(li)1x 燃料棒$(li)1x 固体存取口$(li)1x 主动能源输出口$(br2)玻璃方块为可选件，可用外壳替代。"
        },
        {
            "type": "bigreactors:crafting1x",
            "title1": "Casing",
            "recipe1": "bigreactors:reactor/basic/casing",
            "title2": "Glass",
            "recipe2": "bigreactors:reactor/basic/glass"
        },
        {
            "type": "bigreactors:crafting1x",
            "title1": "Controller",
            "recipe1": "bigreactors:reactor/basic/controller_ingots_uranium",
            "title2": "Control Rod",
            "recipe2": "bigreactors:reactor/basic/controlrod"
        },
        {
            "type": "bigreactors:crafting1x",
            "title1": "Fuel Rod",
            "recipe1": "bigreactors:reactor/basic/fuelrod_ingots_uranium",
            "title2": "Access Port",
            "recipe2": "bigreactors:reactor/basic/solidaccessport"
        },
        {
            "type": "bigreactors:crafting-text",
            "title": "能源输出口",
            "recipe": "bigreactors:reactor/basic/activetap_fe",
            "text": "备齐所有组件后，按此示意图建造:将燃料棒置于中央，底部放置外壳方块。"
        },
        {
            "type": "bigreactors:zcmultiblock",
            "multiblock_id": "bigreactors:bookfirstbasicreactor"
        },
        {
            "type": "patchouli:text",
            "text": "放置最后一块时若成功组装，右击控制器即可打开操作界面。$(br2)若未响应，右击任意组件将显示错误提示。修正问题后，反应堆将完成组装或提示新错误。"
        },
        {
            "type": "patchouli:text",
            "text": "现在为反应堆添加燃料:$(br2)手持黄铀锭右击固体存取口，设置为输入模式并放入材料。$(br2)燃料将被快速转化。$(br2)打开控制器界面启动反应堆！"
        },
        {
            "type": "patchouli:text",
            "text": "反应堆升温时缓慢产电，内部能量缓存逐渐充盈。$(br2)使用储存能源需将能量管道或机械连接至主动能源输出口。$(br)输出口会向可接收能量的连接方块传输能源。"
        },
        {
            "type": "patchouli:text",
            "text": "恭喜你建造了第一个反应堆！$(br2)用它来满足游戏初期所需的全部能源，在阅读完本手册剩余内容后，可以继续建造其他反应堆和涡轮机。"
        }
    ]
}