{
    "name": "末影自动核心",
    "icon": "advancedperipherals:end_automata_core",
    "category": "advancedperipherals:metaphysics",
    "advancement": "advancedperipherals:weak_automata_core",
    "pages": [
        {
            "type": "spotlight",
            "title": "末影自动核心",
            "item": "advancedperipherals:end_automata_core",
            "text": "吞噬10个末影人后，弱效自动核心将进化为末影自动核心！$(p)除强化原有功能外，该核心似乎还能赋予海龟有限的传送能力。"
        },
        {
            "type": "link",
            "text": "在弱效自动核心功能基础上，该灵魂还允许进行有限的世界锚点传送。需要先存储坐标点再进行传送！$(p)注意:海龟被破坏时所有存储坐标都将丢失。",
            "url": "https://docs.advanced-peripherals.de/metaphysics/end_automata/",
            "link_text": "API documentation"
        }
    ]
}