{
    "name": "冷却时间与燃料消耗",
    "icon": "minecraft:coal",
    "category": "advancedperipherals:metaphysics",
    "advancement": "advancedperipherals:weak_automata_core",
    "priority": true,
    "pages": [
        {
            "type": "text",
            "text": "所有改变世界的操作都会消耗海龟燃料(当然，如果你在CC:Tweaked配置中禁用燃料消耗则除外)。$(p)此外，大多数操作都有冷却时间，因此你需要在代码中考虑这一点。幸运的是，每个激活的冷却时间都可以通过外设方法获取。"
        },
        {
            "type": "text",
            "text": "你觉得冷却时间太长？这时候燃料消耗率就派上用场了！$(p)更高的燃料消耗率会减少冷却时间，但显然会增加燃料消耗。例如，如果点击操作需要1点燃料并产生5秒冷却时间，当燃料消耗率为2时，你可以每2.5秒执行一次点击操作，但代价是每次消耗2点燃料。"
        },
        {
            "type": "text",
            "text": "然而，燃料消耗率并不那么简单！每个自动机核心都有最大燃料消耗限制，可以通过$(l)getConfiguration$()方法获取。$(p)另外，燃料点的增长速度会比冷却时间的下降速度更快。燃料消耗率3需要4点燃料，燃料消耗率4需要更多燃料点，以此类推。"
        }
    ]
}