{
    "name": "畜牧自动机核心",
    "icon": "advancedperipherals:husbandry_automata_core",
    "category": "advancedperipherals:metaphysics",
    "advancement": "advancedperipherals:weak_automata_core",
    "pages": [
        {
            "type": "spotlight",
            "title": "畜牧自动机核心",
            "item": "advancedperipherals:husbandry_automata_core",
            "text": "在消耗3只鸡、3头牛、3只羊后，弱效自动机核心将升级为畜牧自动机核心！$(p)除了作为更强大的弱效核心变体外，这个灵魂似乎还赋予了与动物互动的能力！"
        },
        {
            "type": "link",
            "text": "除了弱效自动机核心的功能外，该核心还能与动物互动甚至将它们传送至内部！$(p)但要注意，当海龟被破坏时，所有储存的动物都会消失。",
            "url": "https://docs.advanced-peripherals.de/metaphysics/husbandry_automata/",
            "link_text": "API documentation"
        }
    ]
}