{
    "name": "超频自动机核心",
    "icon": "advancedperipherals:overpowered_weak_automata_core",
    "category": "advancedperipherals:metaphysics",
    "advancement": "advancedperipherals:weak_automata_core",
    "pages": [
        {
            "type": "spotlight",
            "title": "超频弱效自动机核心",
            "item": "advancedperipherals:overpowered_weak_automata_core",
            "text": "这是你首次尝试突破形而上学规则的产物。好吧，结果并不如你期望的那般成功。$(p)将任意自动机核心与下界之星简单组合确实产生了某种效果..."
        },
        {
            "type": "crafting",
            "recipe": "advancedperipherals:overpowered_weak_automata_core",
            "recipe2": "advancedperipherals:overpowered_end_automata_core"
        },
        {
            "type": "link",
            "text": "超频版自动机核心在使用时不会消耗物品耐久度。$(p)但一切都有代价。如果你试图在燃料不足时用该核心执行任何操作，升级效果会立即失效。",
            "url": "https://docs.advanced-peripherals.de/metaphysics/overpowered_automata/",
            "link_text": "API documentation"
        }
    ]
}