{
    "name": "弱效自动机核心",
    "icon": "advancedperipherals:weak_automata_core",
    "category": "advancedperipherals:metaphysics",
    "pages": [
        {
            "type": "spotlight",
            "title": "弱效自动机核心",
            "item": "advancedperipherals:weak_automata_core",
            "text": "弱效自动机核心是一种海龟升级组件，能将海龟转化为强大的自动机械！"
        },
        {
            "type": "crafting",
            "recipe": "advancedperipherals:weak_automata_core"
        },
        {
            "type": "link",
            "text": "它为海龟提供以下能力:$(li)使用工具挖掘方块；$(li)手持物品或空手点击方块；$(li)吸取周围物品(全部或特定物品)；$(li)探测周围物品；$(li)检测视线内的方块或海龟；$(li)通过物品栏中的RF物品为海龟充电",
            "url": "https://docs.advanced-peripherals.de/metaphysics/weak_automata/",
            "link_text": "API documentation"
        },
        {
            "type": "text",
            "text": "但虚弱核心仅是玄学研究的开端！空灵构造体已准备好接纳生物的灵魂碎片。看来，你需要尝试用不同生物的灵魂喂养它来获取进阶变种。$(li)$(l:metaphysics/end_automata_core)末影自动机核心$(li)$(l:metaphysics/husbandry_automata_core)畜牧自动机核心"
        }
    ]
}