{
    "name": "主动冷却",
    "icon": "minecraft:water_bucket",
    "category": "bigreactors:reactor-operational_mode",
    "read_by_default": true,
    "sortnum": 2,
    "pages": [
        {
            "type": "patchouli:text",
            "text": "主动冷却反应堆是通过外部冷却剂来消散内部热量的反应堆。$(br2)冷却剂在此过程中会汽化，产生的蒸汽可从反应堆中导出，用以驱动一个或多个涡轮机的转子。"
        },
        {
            "type": "patchouli:text",
            "text": "建造主动冷却反应堆时，需要在多方块结构中包含至少两个流体端口:一个用于向反应堆注入冷却剂，另一个用于导出生成的蒸汽。$(br2)导出的蒸汽可通过管道输送到涡轮机中产生能量。"
        }
    ]
}