{
    "name": "内部原理",
    "icon": "bigreactors:basic_reactorfuelrod",
    "category": "bigreactors:reactor",
    "read_by_default": true,
    "sortnum": 1,
    "pages": [
        {
            "type": "patchouli:text",
            "text": "反应堆如何$(l:bigreactors/passive)产生能量$(/l)或$(l:bigreactors/active)汽化冷却剂$(/l)？$(br2)答案是热量。$(br2)辐照过的$(l:bigreactors/reactants)燃料$(/l)会发热，$(l:bigreactors/moderators)慢化剂$(/l)吸收部分辐射并将热量从$(l:bigreactors/part-fuelrod)燃料棒$(/l)转移到$(l:bigreactors/part-casing)外壳$(/l)。$(br2)最终正是外壳热量产生能量或汽化$(l:bigreactors/coolantsystem)冷却剂$(/l)。"
        },
        {
            "type": "patchouli:text",
            "text": "将热量从$(l:bigreactors/part-fuelrod)燃料棒$(/l)转移是反应堆设计的关键环节，$(l:bigreactors/moderators)慢化剂$(/l)在其中起核心作用。需特别注意辐射会沿垂直于$(l:bigreactors/part-fuelrod)燃料棒$(/l)堆叠轴线的方向传播。$(br2)$(italic)请注意:虽然本说明已足够让您打造最佳反应堆，但实际内部过程远比此简化描述复杂得多。$()"
        }
    ]
}