{
    "name": "灵体罐",
    "icon": "occultism:book_of_binding_bound_foliot",
    "category": "ars_nouveau:ars_ocultas",
    "pages": [
        {
            "type": "patchouli:text",
            "text": "秘术灵体可在$(l:machines/mob_jar)拘束罐$(/l)内工作。它们会保持原有行为且$(thing)不会腐化$()，是自动化系统的完美选择！$(br2)灵体罐会自动拾取周围7x7范围内符合灵体筛选条件的物品(粉碎灵体会自动拾取其能处理的所有矿石)。"
        },
        {
            "type": "patchouli:text",
            "text": "物品也可通过漏斗或星芒兽(任何管道也应有效！)输入拘束罐。玩家亦可直接对罐子右键点击物品。$(br2)罐中灵体会展现默认行为，这意味着$(thing)粉碎灵体$()会自动处理物品并将产物抛向某个方向"
        },
        {
            "type": "patchouli:spotlight",
            "item": {
                "item": "occultism:brush"
            },
            "title": "清洁灵体",
            "text": "罐中的清洁灵体具有特殊能力。它们会自动拾取附近物品并推送至相邻容器，让自动化变得极其简单！"
        }
    ]
}