{
    "name": "全金属苹果",
    "icon": "allthemodium:allthemodium_apple",
    "category": "allthemodium:food",
    "pages": [
        {
            "type": "crafting",
            "recipe": "allthemodium:allthemodium_apple",
            "title": "全金属苹果"
        },
        {
            "type": "text",
            "text": "全金属苹果可恢复20点饥饿值和80点饱和度，具有以下效果:$(li)快速食用$(li)随时可食用$(li)30秒吸收V效果$(li)30秒生命恢复V效果"
        }
    ]
}