{
    "name": "全金属胡萝卜",
    "icon": "allthemodium:allthemodium_carrot",
    "category": "allthemodium:food",
    "pages": [
        {
            "type": "crafting",
            "recipe": "allthemodium:allthemodium_carrot",
            "title": "全金属胡萝卜"
        },
        {
            "type": "text",
            "text": "全金属胡萝卜可恢复40点饥饿值和320点饱和度，并具有以下效果:$(li)快速食用$(li)随时可食用$(li)获得30秒吸收X效果$(li)获得30秒生命恢复X效果"
        }
    ]
}