{
    "name": "全金属矿石",
    "icon": "allthemodium:allthemodium_ore",
    "category": "allthemodium:ore",
    "sortnum": 1,
    "pages": [
        {
            "type": "spotlight",
            "item": "allthemodium:allthemodium_ore",
            "title": "全金属矿石",
            "link_recipe": false,
            "text": "全金属矿石生成于深暗之域生物群系的洞壁与顶部，在Y坐标170以上的山地高处也较常见。此外在Y-59至Y20之间的采矿维度全域，以及其他维度的深层板岩洞穴层均有分布"
        }
    ]
}