{
    "category": "ars_nouveau:enchantments",
    "icon": "minecraft:enchanted_book",
    "name": "enchantment.minecraft.thorns",
    "pages": [
        {
            "type": "ars_nouveau:enchanting_recipe",
            "recipe": "ars_nouveau:thorns_1"
        },
        {
            "type": "ars_nouveau:enchanting_recipe",
            "recipe": "ars_nouveau:thorns_2"
        },
        {
            "type": "ars_nouveau:enchanting_recipe",
            "recipe": "ars_nouveau:thorns_3"
        }
    ]
}