{
    "category": "ars_nouveau:equipment",
    "icon": "ars_elemental:air_focus",
    "name": "item.ars_elemental.air_focus",
    "pages": [
        {
            "type": "patchouli:text",
            "text": "ars_elemental.page1.air_focus"
        },
        {
            "type": "ars_nouveau:imbuement_recipe",
            "recipe": "ars_elemental:imbuement_lesser_air_focus"
        },
        {
            "type": "ars_nouveau:apparatus_recipe",
            "recipe": "ars_elemental:air_focus"
        },
        {
            "type": "patchouli:text",
            "text": "ars_elemental.page2.air_focus"
        }
    ]
}