{
    "category": "ars_nouveau:equipment",
    "icon": "ars_nouveau:archmage_spell_book",
    "name": "ars_nouveau.page.spell_books",
    "pages": [
        {
            "type": "patchouli:text",
            "text": "ars_nouveau.page1.spell_books"
        },
        {
            "type": "patchouli:crafting",
            "recipe": "ars_nouveau:novice_spell_book",
            "recipe2": "ars_nouveau:apprentice_book_upgrade"
        },
        {
            "type": "patchouli:crafting",
            "recipe": "ars_nouveau:archmage_book_upgrade"
        }
    ]
}