{
    "category": "ars_nouveau:equipment",
    "icon": "ars_elemental:water_focus",
    "name": "item.ars_elemental.water_focus",
    "pages": [
        {
            "type": "patchouli:text",
            "text": "ars_elemental.page1.water_focus"
        },
        {
            "type": "ars_nouveau:imbuement_recipe",
            "recipe": "ars_elemental:imbuement_lesser_water_focus"
        },
        {
            "type": "ars_nouveau:apparatus_recipe",
            "recipe": "ars_elemental:water_focus"
        },
        {
            "type": "patchouli:text",
            "text": "ars_elemental.page2.water_focus"
        }
    ]
}