{
    "name": "全金属护甲",
    "icon": "allthemodium:allthemodium_chestplate",
    "category": "allthemodium:armour",
    "sortnum": 1,
    "pages": [
        {
            "type": "text",
            "text": "全金属护甲除基础防护、韧性和击退抗性外还具有以下特性:$(li)水下呼吸$(li)鞘翅飞行无坠落伤害$(li)火焰免疫$(li)无跌落伤害$(li)由下界合金升级时可保留原有附魔"
        },
        {
            "type": "smithing",
            "recipe": "allthemodium:smithing/allthemodium_helmet_smithing"
        },
        {
            "type": "smithing",
            "recipe": "allthemodium:smithing/allthemodium_chestplate_smithing"
        },
        {
            "type": "smithing",
            "recipe": "allthemodium:smithing/allthemodium_leggings_smithing"
        },
        {
            "type": "smithing",
            "recipe": "allthemodium:smithing/allthemodium_boots_smithing"
        }
    ]
}