{
    "name": "建造指南",
    "icon": "bigreactors:energizercell",
    "category": "bigreactors:energizer",
    "read_by_default": true,
    "sortnum": 2,
    "pages": [
        {
            "type": "text",
            "text": "能量发生器是3x3x3(最小尺寸)的机器，由外壳方块和其他设备部件组合建造，内部必须完全填充能量单元。$(br2)请查阅每个能量发生器部件的页面了解其放置位置的限制。"
        },
        {
            "type": "zcmultiblock",
            "multiblock_id": "bigreactors:bookenergizer"
        }
    ]
}