{
    "name": "控制器",
    "icon": "bigreactors:energizercontroller",
    "category": "bigreactors:energizer-parts",
    "read_by_default": true,
    "sortnum": 3,
    "pages": [
        {
            "type": "spotlight",
            "item": "bigreactors:energizercontroller",
            "link_recipe": true,
            "title": "控制器",
            "text": "控制器是操作能量发生器的主要界面。$(br2)右键点击控制器打开图形界面，您可以在此启停机器、查看当前储能状态及能量流动情况。"
        },
        {
            "type": "crafting-text",
            "text": "将鼠标悬停在界面控件上时，会显示包含额外信息或说明文字的提示框。$(br2)",
            "title": "控制器",
            "recipe": "bigreactors:energizer/controller"
        },
        {
            "type": "part_usage",
            "text": "$(l)必需部件:$() 至少需要一个$(br)$(l)有效位置:$() 任意垂直面(框架除外)$(br)$(l)图形界面:$() 有"
        }
    ]
}