{
    "name": "能量单元",
    "icon": "bigreactors:energizercell",
    "category": "bigreactors:energizer-parts",
    "read_by_default": true,
    "sortnum": 1,
    "pages": [
        {
            "type": "spotlight",
            "item": "bigreactors:energizercell",
            "link_recipe": true,
            "title": "能量单元",
            "text": "能量单元是能量发生器的储能组件，必须用其完全填满机器的内部空间。"
        },
        {
            "type": "crafting-part_usage",
            "crafting.title1": "Energy Cell",
            "crafting.recipe1": "bigreactors:energizer/energizercell",
            "usage.text": "$(l)Mandatory:$() yes$(br)$(l)Valid positions:$() inside the Energizer$(br)$(l)Graphical interface:$() no"
        }
    ]
}