{
    "name": "被动FE能源端口",
    "icon": "bigreactors:energizerpowerport_fe",
    "category": "bigreactors:energizer-parts",
    "read_by_default": true,
    "sortnum": 6,
    "pages": [
        {
            "type": "spotlight",
            "item": "bigreactors:energizerpowerport_fe",
            "link_recipe": true,
            "title": "被动FE能源端口",
            "text": "被动FE能源端口允许您从充能器中存取能量。$(br2)任何兼容Forge Energy的线缆或机器均可连接至此端口。连接的方块需具备自主存取能量的能力。"
        },
        {
            "type": "crafting-part_usage",
            "crafting.title1": "Passive FE Power Port",
            "crafting.recipe1": "bigreactors:energizer/powerport_fe",
            "usage.text": "$(l)Mandatory:$() no$(br)$(l)Valid positions:$() any face (not on frame)$(br)$(l)Graphical interface:$() yes"
        }
    ]
}