{
    "name": "主动FE能源端口",
    "icon": "bigreactors:energizerpowerport_fe_active",
    "category": "bigreactors:energizer-parts",
    "read_by_default": true,
    "sortnum": 6,
    "pages": [
        {
            "type": "spotlight",
            "item": "bigreactors:energizerpowerport_fe_active",
            "link_recipe": true,
            "title": "主动FE能源端口",
            "text": "主动FE能源端口允许您从充能器中存取能量。$(br2)任何兼容Forge Energy的线缆或机器均可连接至此端口。若连接的方块支持能量传输，端口将自动完成能量输送。"
        },
        {
            "type": "crafting-part_usage",
            "crafting.title1": "Active FE Power Port",
            "crafting.recipe1": "bigreactors:energizer/powerport_fe_active",
            "usage.text": "$(l)Mandatory:$() no$(br)$(l)Valid positions:$() any face (not on frame)$(br)$(l)Graphical interface:$() yes"
        }
    ]
}