{
    "name": "外壳",
    "icon": "bigreactors:energizercasing",
    "category": "bigreactors:energizer-parts",
    "read_by_default": true,
    "sortnum": 1,
    "pages": [
        {
            "type": "spotlight",
            "item": "bigreactors:energizercasing",
            "link_recipe": true,
            "title": "外壳",
            "text": "外壳方块是能量发生器的基本构件。$(br2)它们用于搭建机器框架和外表面，同时也是制作其他部件的材料。"
        },
        {
            "type": "crafting-part_usage",
            "crafting.title1": "Casing",
            "crafting.recipe1": "bigreactors:energizer/casing",
            "usage.text": "$(l)Mandatory:$() they are required to build the frame and the faces$(br)$(l)Valid positions:$() any$(br)$(l)Graphical interface:$() no"
        }
    ]
}