{
    "name": "FE充电端口",
    "icon": "bigreactors:energizerchargingport_fe",
    "category": "bigreactors:energizer-parts",
    "read_by_default": true,
    "sortnum": 8,
    "pages": [
        {
            "type": "patchouli:spotlight",
            "item": "bigreactors:energizerchargingport_fe",
            "link_recipe": true,
            "title": "FE充电端口",
            "text": "锻造能源充电端口允许您使用能量发生器储存的能量，为采用$(l:bigreactors:misc/powersystem)锻造能源系统$(/l)的物品充电。$(br2)打开端口图形界面，将待充电物品放入中央的输入槽。"
        },
        {
            "type": "patchouli:text",
            "text": "当物品的能量缓冲槽充满后，该物品会自动移至界面输出槽供您收取。$(br2)若因任何原因需要停止充能过程，按下弹出按钮可立即将物品移至输出槽。"
        },
        {
            "type": "crafting-part_usage",
            "crafting.title1": "FE Charging Port",
            "crafting.recipe1": "bigreactors:energizer/chargingport_fe",
            "usage.text": "$(l)Mandatory:$() no$(br)$(l)Valid positions:$() any face (not on frame)$(br)$(l)Graphical interface:$() yes"
        }
    ]
}