{
    "name": "计算机端口",
    "icon": "bigreactors:energizercomputerport",
    "category": "bigreactors:energizer-parts",
    "read_by_default": true,
    "sortnum": 9,
    "pages": [
        {
            "type": "patchouli:spotlight",
            "item": "bigreactors:energizercomputerport",
            "link_recipe": true,
            "title": "计算机端口",
            "text": "计算机端口可将能量发生器连接到计算机，从而获取机器状态信息。$(br2)标准方法集将暴露给连接的计算机，您可以用其查询能量发生器的状态。"
        },
        {
            "type": "crafting-part_usage",
            "crafting.title1": "Computer Port",
            "crafting.recipe1": "bigreactors:energizer/computerport",
            "usage.text": "$(l)Mandatory:$() no$(br)$(l)Valid positions:$() any face (not on frame)$(br)$(l)Graphical interface:$() no"
        }
    ]
}