{
    "name": "冷却系统",
    "icon": "minecraft:water_bucket",
    "category": "bigreactors:misc",
    "read_by_default": true,
    "pages": [
        {
            "type": "patchouli:text",
            "text": "$(l:bigreactors/active)主动冷却$(/l)的反应堆/涡轮机组利用反应堆热量汽化冷却剂，产生驱动多个涡轮机转子并发电的蒸汽。$(br2)$(bold)冷却剂$()是能被识别的流体，可通过$(l:bigreactors/part-forgefluidport)流体端口$(/l)以输入模式泵入反应堆的冷却液储罐。"
        },
        {
            "type": "patchouli:text",
            "text": "$(bold)蒸汽$()是冷却剂在反应堆内汽化形成的流体，可通过$(l:bigreactors/part-forgefluidport)流体端口$(/l)从反应堆输送至涡轮机驱动转子，随后冷凝还原为原始冷却剂完成循环。$(br2)只有有效的冷却剂和蒸汽可用于反应堆或涡轮机。"
        },
        {
            "type": "patchouli:text",
            "text": "极限反应堆默认将水注册为有效冷却剂，其对应蒸汽产物为水蒸气。$(br2)其他模组或整合包可添加自定义流体或修改/移除默认设定。"
        }
    ]
}