{
    "name": "被动与主动部件",
    "icon": "minecraft:piston",
    "category": "bigreactors:misc",
    "read_by_default": true,
    "pages": [
        {
            "type": "patchouli:text",
            "text": "某些与外部方块交互的反应堆/涡轮机部件分为$(bold)被动$()和$(bold)主动$()两种形态。$(br2)$(bold)被动$()部件本身不执行任何操作，既不会主动传输能量、流体或物品，也不会主动获取这些资源，需要由连接的方块发起传输。"
        },
        {
            "type": "patchouli:text",
            "text": "$(bold)主动$()部件会持续寻找机会抽取物品/流体，或向连接方块输出能量/物品/流体，但禁止连接方块对部件进行任何插入或抽取操作。$(br2)通过混合使用主动与被动部件，可以精确调控资源分配与获取网络。"
        }
    ]
}