{
    "name": "能源系统",
    "icon": "minecraft:redstone_block",
    "category": "bigreactors:misc",
    "read_by_default": true,
    "pages": [
        {
            "type": "patchouli:text",
            "text": "极限反应堆能源发生器在设计上不绑定任何现有Minecraft能源系统。$(br2)能量产生后，当从内部能量缓冲器提取时，会通过能源分接器实时转换。"
        },
        {
            "type": "patchouli:text",
            "text": "反应堆或涡轮机安装的能源分接器决定机器输出的能源系统类型。$(br2)当前模组提供$(l:bigreactors/part-forgepowertap)锻造能源分接器$(/l)，可输出$(bold)锻造能源$()单位。$(br2)通过添加新型分接器可轻松支持其他能源系统。"
        }
    ]
}