{
    "name": "极限扳手",
    "icon": "bigreactors:wrench",
    "category": "bigreactors:misc",
    "read_by_default": true,
    "pages": [
        {
            "type": "patchouli:spotlight",
            "item": "bigreactors:wrench",
            "link_recipe": true,
            "title": "极限扳手",
            "text": "极限扳手是...呃...一把扳手。$(br2)可用于切换访问端口或流体端口等部件的输入/输出模式。$(br2)该扳手具有Forge扳手标签，因此也应兼容其他模组使用。"
        }
    ]
}