{
    "category": "ars_nouveau:armor",
    "icon": "ars_elemancy:vapor_hat",
    "name": "ars_elemancy.armor_set.vapor",
    "pages": [
        {
            "type": "patchouli:text",
            "text": "ars_elemancy.page.armor_set.vapor"
        },
        {
            "type": "ars_nouveau:elemancy_armor_recipe",
            "recipe": "ars_elemancy:vapor_hat_1"
        },
        {
            "type": "ars_nouveau:elemancy_armor_recipe",
            "recipe": "ars_elemancy:vapor_hat_2"
        },
        {
            "type": "ars_nouveau:elemancy_armor_recipe",
            "recipe": "ars_elemancy:vapor_robes_1"
        },
        {
            "type": "ars_nouveau:elemancy_armor_recipe",
            "recipe": "ars_elemancy:vapor_robes_2"
        },
        {
            "type": "ars_nouveau:elemancy_armor_recipe",
            "recipe": "ars_elemancy:vapor_leggings_1"
        },
        {
            "type": "ars_nouveau:elemancy_armor_recipe",
            "recipe": "ars_elemancy:vapor_leggings_2"
        },
        {
            "type": "ars_nouveau:elemancy_armor_recipe",
            "recipe": "ars_elemancy:vapor_boots_1"
        },
        {
            "type": "ars_nouveau:elemancy_armor_recipe",
            "recipe": "ars_elemancy:vapor_boots_2"
        }
    ]
}