{
    "category": "ars_nouveau:armor",
    "icon": "ars_elemancy:silt_hat",
    "name": "ars_elemancy.armor_set.silt",
    "pages": [
        {
            "type": "patchouli:text",
            "text": "ars_elemancy.page.armor_set.silt"
        },
        {
            "type": "ars_nouveau:elemancy_armor_recipe",
            "recipe": "ars_elemancy:silt_hat_1"
        },
        {
            "type": "ars_nouveau:elemancy_armor_recipe",
            "recipe": "ars_elemancy:silt_hat_2"
        },
        {
            "type": "ars_nouveau:elemancy_armor_recipe",
            "recipe": "ars_elemancy:silt_robes_1"
        },
        {
            "type": "ars_nouveau:elemancy_armor_recipe",
            "recipe": "ars_elemancy:silt_robes_2"
        },
        {
            "type": "ars_nouveau:elemancy_armor_recipe",
            "recipe": "ars_elemancy:silt_leggings_1"
        },
        {
            "type": "ars_nouveau:elemancy_armor_recipe",
            "recipe": "ars_elemancy:silt_leggings_2"
        },
        {
            "type": "ars_nouveau:elemancy_armor_recipe",
            "recipe": "ars_elemancy:silt_boots_1"
        },
        {
            "type": "ars_nouveau:elemancy_armor_recipe",
            "recipe": "ars_elemancy:silt_boots_2"
        }
    ]
}