{
    "category": "ars_nouveau:armor",
    "icon": "ars_elemancy:mire_hat",
    "name": "ars_elemancy.armor_set.mire",
    "pages": [
        {
            "type": "patchouli:text",
            "text": "ars_elemancy.page.armor_set.mire"
        },
        {
            "type": "ars_nouveau:elemancy_armor_recipe",
            "recipe": "ars_elemancy:mire_hat_1"
        },
        {
            "type": "ars_nouveau:elemancy_armor_recipe",
            "recipe": "ars_elemancy:mire_hat_2"
        },
        {
            "type": "ars_nouveau:elemancy_armor_recipe",
            "recipe": "ars_elemancy:mire_robes_1"
        },
        {
            "type": "ars_nouveau:elemancy_armor_recipe",
            "recipe": "ars_elemancy:mire_robes_2"
        },
        {
            "type": "ars_nouveau:elemancy_armor_recipe",
            "recipe": "ars_elemancy:mire_leggings_1"
        },
        {
            "type": "ars_nouveau:elemancy_armor_recipe",
            "recipe": "ars_elemancy:mire_leggings_2"
        },
        {
            "type": "ars_nouveau:elemancy_armor_recipe",
            "recipe": "ars_elemancy:mire_boots_1"
        },
        {
            "type": "ars_nouveau:elemancy_armor_recipe",
            "recipe": "ars_elemancy:mire_boots_2"
        }
    ]
}