{
    "category": "ars_nouveau:armor",
    "icon": "ars_elemental:earth_hat",
    "name": "ars_elemental.armor_set.earth",
    "pages": [
        {
            "type": "patchouli:text",
            "text": "ars_elemental.page.armor_set.wip"
        },
        {
            "type": "patchouli:text",
            "text": "ars_elemental.page.armor_set.earth"
        },
        {
            "type": "ars_nouveau:elemental_armor_recipe",
            "recipe": "ars_elemental:earth_hat"
        },
        {
            "type": "ars_nouveau:elemental_armor_recipe",
            "recipe": "ars_elemental:earth_robes"
        },
        {
            "type": "ars_nouveau:elemental_armor_recipe",
            "recipe": "ars_elemental:earth_leggings"
        },
        {
            "type": "ars_nouveau:elemental_armor_recipe",
            "recipe": "ars_elemental:earth_boots"
        }
    ]
}