{
    "category": "ars_nouveau:armor",
    "icon": "ars_elemancy:cinder_hat",
    "name": "ars_elemancy.armor_set.cinder",
    "pages": [
        {
            "type": "patchouli:text",
            "text": "ars_elemancy.page.armor_set.cinder"
        },
        {
            "type": "ars_nouveau:elemancy_armor_recipe",
            "recipe": "ars_elemancy:cinder_hat_1"
        },
        {
            "type": "ars_nouveau:elemancy_armor_recipe",
            "recipe": "ars_elemancy:cinder_hat_2"
        },
        {
            "type": "ars_nouveau:elemancy_armor_recipe",
            "recipe": "ars_elemancy:cinder_robes_1"
        },
        {
            "type": "ars_nouveau:elemancy_armor_recipe",
            "recipe": "ars_elemancy:cinder_robes_2"
        },
        {
            "type": "ars_nouveau:elemancy_armor_recipe",
            "recipe": "ars_elemancy:cinder_leggings_1"
        },
        {
            "type": "ars_nouveau:elemancy_armor_recipe",
            "recipe": "ars_elemancy:cinder_leggings_2"
        },
        {
            "type": "ars_nouveau:elemancy_armor_recipe",
            "recipe": "ars_elemancy:cinder_boots_1"
        },
        {
            "type": "ars_nouveau:elemancy_armor_recipe",
            "recipe": "ars_elemancy:cinder_boots_2"
        }
    ]
}