{
    "category": "ars_nouveau:armor",
    "icon": "ars_nouveau:arcanist_hood",
    "name": "ars_nouveau.page.armor_upgrading",
    "pages": [
        {
            "type": "patchouli:text",
            "text": "ars_nouveau.page1.armor_upgrading"
        },
        {
            "type": "patchouli:text",
            "text": "ars_nouveau.page2.armor_upgrading",
            "title": "ars_nouveau.armor_tiers"
        },
        {
            "type": "ars_nouveau:no_output_apparatus_recipe",
            "recipe": "ars_nouveau:first_armor_upgrade"
        },
        {
            "type": "ars_nouveau:no_output_apparatus_recipe",
            "recipe": "ars_nouveau:second_armor_upgrade"
        },
        {
            "type": "patchouli:relations",
            "entries": [
                "ars_nouveau:armor/armor",
                "ars_nouveau:armor/alteration_table"
            ]
        }
    ],
    "sortnum": 1
}