{
    "coffee_machine": {
        "sounds": [
            "actuallyadditions:coffee_machine"
        ]
    },
    "crusher": {
        "sounds": [
            "actuallyadditions:crusher"
        ]
    },
    "duh_duh_duh_duuuh": {
        "sounds": [
            "actuallyadditions:duh_duh_duh_duuuh"
        ]
    },
    "reconstructor": {
        "sounds": [
            "actuallyadditions:reconstructor"
        ]
    },
    "villager.work_engineer": {
        "sounds": [
            "actuallyadditions:coffee_machine"
        ]
    }
}