{
    "category": "ars_nouveau:machines",
    "icon": "ars_nouveau:scryer_scroll",
    "name": "item.ars_nouveau.scryer_scroll",
    "pages": [
        {
            "type": "patchouli:text",
            "text": "ars_nouveau.page.scryer_scroll"
        },
        {
            "type": "patchouli:relations",
            "entries": [
                "ars_nouveau:equipment/enchanters_eye",
                "ars_nouveau:machines/scryers_oculus",
                "ars_nouveau:machines/scryers_crystal"
            ]
        }
    ]
}