{
    "name": "区块控制器",
    "icon": "advancedperipherals:chunk_controller",
    "category": "advancedperipherals:items",
    "pages": [
        {
            "type": "text",
            "text": "区块控制器是区块海龟的合成材料。$(p)与普通/高级海龟组合可使其具有区块加载功能！$(p)完整文档请查阅$(9)$(l:https://docs.advanced-peripherals.de/items/chunk_controller/)官方wiki页面$(/l)$()！"
        },
        {
            "type": "crafting",
            "recipe": "advancedperipherals:chunk_controller"
        }
    ]
}