{
    "name": "计算机工具",
    "icon": "advancedperipherals:computer_tool",
    "category": "advancedperipherals:items",
    "pages": [
        {
            "type": "text",
            "text": "计算机工具用于打开本模组方块的GUI界面。当前版本中该工具暂无实际用途，仅作为收藏品存在。$(p)完整文档请查阅$(9)$(l:https://docs.advanced-peripherals.de/items/computer_tool/)官方wiki页面$(/l)$()！"
        },
        {
            "type": "crafting",
            "recipe": "advancedperipherals:computer_tool"
        }
    ]
}