{
    "name": "记忆卡片",
    "icon": "advancedperipherals:memory_card",
    "category": "advancedperipherals:items",
    "pages": [
        {
            "type": "text",
            "text": "$(9)$(l:items/ar_goggles)AR护目镜$(/l)$()可与$(9)$(l:peripherals/inventory_manager)物品管理器$(/l)$()配合使用来操玩家物品栏。$(p)手持记忆卡片右键点击可将其绑定至自身。$(p)完整文档请查阅$(9)$(l:https://docs.advanced-peripherals.de/items/ar_goggles/)官方wiki页面$(/l)$()！"
        },
        {
            "type": "crafting",
            "recipe": "advancedperipherals:memory_card"
        }
    ]
}