{
    "name": "便携计算机扩展",
    "icon": "computercraft:pocket_computer_advanced",
    "category": "advancedperipherals:items",
    "pages": [
        {
            "type": "text",
            "text": "我们为以下外设提供便携计算机升级:$(li)$(9)$(l:peripherals/environment_detector)环境探测器$(/l)$()$(li)$(9)$(l:peripherals/player_detector)玩家探测器$(/l)$()$(li)$(9)$(l:peripherals/chat_box)聊天框$(/l)$()$(p)完整文档请查阅$(9)$(l:https://docs.advanced-peripherals.de/items/pocket_computer/)官方wiki页面$(/l)$()！"
        },
        {
            "type": "text",
            "text": "只需将其与便携计算机合成即可添加对应外设功能。注意无法使用关联事件。"
        }
    ]
}