{
    "name": "建造指南",
    "icon": "bigreactors:fluidizersolidinjector",
    "category": "bigreactors:fluidizer",
    "read_by_default": true,
    "sortnum": 2,
    "pages": [
        {
            "type": "text",
            "text": "流体化装置是3x3x3(最小尺寸)的机械结构，由外壳方块与其他部件组合构成。$(br)玻璃可替代外壳方块用于机械所有表面(框架部分除外)。$(br2)请查阅各流体化部件页面了解具体摆放限制。"
        },
        {
            "type": "zcmultiblock",
            "multiblock_id": "bigreactors:bookfluidizer"
        }
    ]
}