{
    "name": "运作模式",
    "icon": "bigreactors:verderium_bucket",
    "category": "bigreactors:fluidizer",
    "read_by_default": true,
    "sortnum": 1,
    "pages": [
        {
            "type": "text",
            "text": "根据注入器的类型与数量，流体化装置可切换以下三种加工模式:$(br2)$(li)$(o)固体模式:$()将固体燃料(如锭块)转化为流体燃料。启用此模式需在装置内放置且仅放置一个固体注入器"
        },
        {
            "type": "text",
            "text": "$(li)$(o)固体混合模式:$()将两种固体燃料转化为流体并混合生成新型燃料。启用此模式需放置且仅放置两个固体注入器。$(li)$(o)流体混合模式:$()混合两种流体燃料生成新型燃料。启用此模式需放置且仅放置两个流体注入器。"
        }
    ]
}