{
    "name": "外壳",
    "icon": "bigreactors:fluidizercasing",
    "category": "bigreactors:fluidizer-parts",
    "read_by_default": true,
    "sortnum": 1,
    "pages": [
        {
            "type": "spotlight",
            "item": "bigreactors:fluidizercasing",
            "link_recipe": true,
            "title": "外壳",
            "text": "外壳方块是构建流体化装置的基础组件。$(br2)它们用于搭建装置框架，也是制作其他部件的原料。若您不偏好使用玻璃，也可选用外壳方块填充装置表面。"
        },
        {
            "type": "crafting-part_usage",
            "crafting.title1": "Casing",
            "crafting.recipe1": "bigreactors:fluidizer/casing",
            "usage.text": "$(l)Mandatory:$() they are required to build the frame$(br)$(l)Valid positions:$() any$(br)$(l)Graphical interface:$() no"
        }
    ]
}