{
    "name": "控制核心",
    "icon": "bigreactors:fluidizercontroller",
    "category": "bigreactors:fluidizer-parts",
    "read_by_default": true,
    "sortnum": 3,
    "pages": [
        {
            "type": "spotlight",
            "item": "bigreactors:fluidizercontroller",
            "link_recipe": true,
            "title": "控制核心",
            "text": "控制核心是操作流体化装置的主要界面。$(br2)右键点击可打开图形界面，在此您可以启停装置、查看机器内流体与能量存量，以及监控当前任务状态。"
        },
        {
            "type": "crafting-text",
            "text": "将鼠标悬停在界面控件上时，会显示包含额外信息或说明文字的悬浮提示。$(br2)",
            "title": "控制核心",
            "recipe": "bigreactors:fluidizer/controller"
        },
        {
            "type": "part_usage",
            "text": "$(l)必选:$() 必须且只能选择一个$(br)$(l)有效位置:$() 任意垂直面(不在框架上)$(br)$(l)图形界面:$() 有"
        }
    ]
}