{
    "name": "能源端口",
    "icon": "bigreactors:fluidizerpowerport",
    "category": "bigreactors:fluidizer-parts",
    "read_by_default": true,
    "sortnum": 6,
    "pages": [
        {
            "type": "spotlight",
            "item": "bigreactors:fluidizerpowerport",
            "link_recipe": true,
            "title": "能源端口",
            "text": "能源端口为流体转化装置提供运作所需能量。$(br2)可连接任何兼容Forge Energy的线缆或发电机。"
        },
        {
            "type": "crafting-part_usage",
            "crafting.title1": "Power Port",
            "crafting.recipe1": "bigreactors:fluidizer/powerport",
            "usage.text": "$(l)Mandatory:$() at least one is required$(br)$(l)Valid positions:$() any face (not on frame)$(br)$(l)Graphical interface:$() no"
        }
    ]
}