{
    "name": "玻璃",
    "icon": "bigreactors:fluidizerglass",
    "category": "bigreactors:fluidizer-parts",
    "read_by_default": true,
    "sortnum": 2,
    "pages": [
        {
            "type": "spotlight",
            "item": "bigreactors:fluidizerglass",
            "link_recipe": true,
            "title": "玻璃",
            "text": "玻璃方块是装饰性方块，可替代外壳方块展示流体转化装置内部结构。"
        },
        {
            "type": "crafting-part_usage",
            "crafting.title1": "Glass",
            "crafting.recipe1": "bigreactors:fluidizer/glass",
            "usage.text": "$(l)Mandatory:$() no$(br)$(l)Valid positions:$() any face (not on frame)$(br)$(l)Graphical interface:$() no"
        }
    ]
}